Category,Subcategory,Title,Brand,Country,URL
Молочные продукты и яйца,Йогурт,Йогурт 2.5% Клубника-Маракуйя Epica п/бут 290г,ТМ Epica,RU,https://contentservice.kz/product/4606779772405-kz-yogurt-pitevoy-epica-klubn-marak-25-290ml-pb
Молочные продукты и яйца,Йогурт,Йогурт 7.2% греческий Клубника FoodMaster ст 130г,ТМ Food Master,KZ,https://contentservice.kz/product/4870207313335-kz-yogurt-food-master-grecheskiy-klubnika-72-130gr-stak
Молочные продукты и яйца,Йогурт,Продукт йогуртный 7.5% сливочный Яблоко-груша Эрмигурт Ehrmann ст 4х100г,ТМ Ehrmann,RU,https://contentservice.kz/product/4606779900808-kz-yogurt-ehrmann-ermigurt-yablokogrusha-75-100gr-stak
Молочные продукты и яйца,Йогурт,Йогурт 2.7% для детей от 8мес Зелёное яблоко-Мелисса Засыпай-ка Агуша п/бут 200г,ТМ Агуша,RU,https://contentservice.kz/product/4690228028960-kz-yogurt-agusha-zasypay-ka-zel-yablmelissa-8mes-27-200gr-pb
Молочные продукты и яйца,Йогурт,Пудинг 3.2% молочный ультрапастеризованный Шоколадный Эрмигурт Ehrmann ст 4х100г,ТМ Ehrmann,RU,https://contentservice.kz/product/4606779608308-kz-puding-ehrmann-ermigurt-ekstra-royal-chocolate-32-100gr
Молочные продукты и яйца,Йогурт,Биойогурт 1.5% Чернослив-злаки Эмиль т/п 500г,ТМ Эмиль,KZ,https://contentservice.kz/product/4870005353717-kz-bioyogurt-pitevoy-emil-chernosliv-so-zlakami-15-500ml-trx
Молочные продукты и яйца,Йогурт,Биойогурт 2.4% Цитрусовый микс с киноа и семенами чиа BioMax ст 125г,ТМ Bio Max,RU,https://contentservice.kz/product/4690228036163-kz-bioyogurt-bio-max-citrus-mikskinoasemena-lna-24-125gr-stak
Молочные продукты и яйца,Йогурт,Йогурт 4.8% Клубника Epica ст 290г,ТМ Epica,RU,https://contentservice.kz/product/4606779762208-kz-yogurt-epica-nat-klubn-48-130gr-stak
Молочные продукты и яйца,Йогурт,Продукт йогуртный 0.1% пастеризованный С соком клубники Лёгкий Нежный Campina ст 320г,ТМ Campina,RU,https://contentservice.kz/product/4605627009540-kz-produkt-yogurtnyy-campina-nezhnyy-legkiy-klubn-01-320gr-stak
Молочные продукты и яйца,Йогурт,Йогурт 1.5% Персик-абрикос Nәtige т/п 450г,ТМ Nәtige,KZ,https://contentservice.kz/product/4870003751331-kz-yogurt-0450kg-15-zhirn-persik
Молочные продукты и яйца,Йогурт,Биойогурт 2.9% Клубника Био-С Имун+ FoodMaster т/п 500г,ТМ Food Master,KZ,https://contentservice.kz/product/4870055006113-kz-bioyogurt-pitevoy-foodmaster-bio-s-klubnika-32-500ml-rr
Молочные продукты и яйца,Йогурт,Напиток кисломолочный 2% сладкий Снежок Food Master т/п 900г,ТМ Food Master,KZ,https://contentservice.kz/product/4870207313229-kz-napitok-kislomolochnyy-foodmaster-snezhok-2-900ml-rr
Молочные продукты и яйца,Йогурт,Йогурт 1.2% Голубика-Овсяные хлопья Simple Epica п/бут 290г,ТМ Epica,RU,https://contentservice.kz/product/4606779782107-kz-yogurt-pitevoy-epica-simple-golubika-ovsyanye-hlopya-12-290gr-pb
Молочные продукты и яйца,Йогурт,"Йогурт 2.5% с манго, ананасом и семенами чиа Гавайский микс Чудо cт 290г",ТМ Чудо,RU,https://contentservice.kz/product/4690228035296-kz-yogurt-chudo-mangoananaschia-25-290gr-stak
Молочные продукты и яйца,Йогурт,Йогурт 2.4% Ягодное мороженое Чудо п/бут 270г,ТМ Чудо,RU,https://contentservice.kz/product/4690228033001-kz-yogurt-pitevoy-chudo-yagodnoe-morozhenoe-24-270ml-pb
Молочные продукты и яйца,Йогурт,Йогурт 6.5% и смесь из мюсли и сушеных ягод Crispy Epica 140г,ТМ Epica,RU,https://contentservice.kz/product/4606779763700-kz-yogurt-epica-crispy-65-138gr-stak
Молочные продукты и яйца,Йогурт,Йогурт 2.5% Клубника-Земляника Чудо ст 290г,ТМ Чудо,RU,https://contentservice.kz/product/4690228027994-kz-yogurt-chudo-klubnzeml-25-290gr-stak
Молочные продукты и яйца,Йогурт,Йогурт 2.5% питьевой Lactis м/у 0.9л,ТМ No Brand,KZ,https://contentservice.kz/product/4870005890595-kz-yogurt-pitevoy-lactis-so-vkusom-klubn-25-09l-fp
Молочные продукты и яйца,Йогурт,Йогурт 4% термостатный Danone п/б 160г,ТМ Danone,RU,https://contentservice.kz/product/4600605024218-kz-yogurt-danone-termostatnyy-gustoy-4-160gr-ban
Молочные продукты и яйца,Йогурт,Биойогурт 3% Отруби-Злаки Активиа ст 120г,ТМ Активиа,KZ,https://contentservice.kz/product/4870206411698-kz-yogurt-danone-aktivia-otrubizlaki-120gr-stak
Молочные продукты и яйца,Йогурт,Биойогурт 3.2% питьевой со вкусом карамели Био-С Имун+ Food Master т/п 900г,ТМ Food Master,KZ,https://contentservice.kz/product/4870207314240-kz-bioyogurt-pitevoy-bio-s-imun-karamel-32-900gr-trx
Молочные продукты и яйца,Йогурт,Йогурт 2% питьевой со вкусом клубники FoodMaster т/п 450г,ТМ Food Master,KZ,https://contentservice.kz/product/4870207312130-kz-yogurt-pitevoy-foodmaster-klubn-2-450ml
Молочные продукты и яйца,Йогурт,Йогурт 1.2% Семена Чиа-Отруби-Злаки Simple Epica п/бут 290г,ТМ Epica,RU,https://contentservice.kz/product/4606779782206-kz-yogurt-pitevoy-epica-simple-zlaki-otrubi-semena-chia-12-260gr-pb
Молочные продукты и яйца,Йогурт,Коктейль молочный 4% ультрапастеризованный Cоленая Карамель Grand Cocktail Ehrmann п/бут 260г,ТМ Ehrmann,RU,https://contentservice.kz/product/4606779767302-kz-kokteyl-mol-ehrmann-grand-cocktail-so-vkusom-solenaya-karamel-4-260ml-pb
Молочные продукты и яйца,Йогурт,Йогурт 2% питьевой со вкусом лесных ягод Food Master т/п 900г,ТМ Food Master,KZ,https://contentservice.kz/product/4870207314196-kz-yogurt-foodmaster-zhivoy-pitevoy-les-yagody-2-900gr-trx
Молочные продукты и яйца,Йогурт,Коктейль молочный 4% ультрапастеризованный Ванильный пломбир Grand Cocktail Ehrmann п/бут 260г,ТМ Ehrmann,RU,https://contentservice.kz/product/4606779767104-kz-kokteyl-mol-ehrmann-grand-cocktail-so-vkusom-vanil-plombira-4-260ml-pb
Молочные продукты и яйца,Йогурт,Биойогурт 2.9% Виноград-манго-папайя-чиа Активиа ст 150г,ТМ Активиа,RU,https://contentservice.kz/product/4600605026816-kz-bioyogurt-aktivia-vinogradmangopapayyachia-bsahara-150gr-stak
Молочные продукты и яйца,Йогурт,Продукт йогуртный 2.5% для детей от 3лет пастеризованный с черникой и витаминами Fruttis Campina ст 110г,ТМ Campina,RU,https://contentservice.kz/product/4605627008529-kz-yogurt-campina-fruttis-ade-princessa-malinachernika-vitaminy-110gr-stak
Молочные продукты и яйца,Йогурт,Йогурт 2.5% Персик-Маракуйя Чудо ст 290г,ТМ Чудо,RU,https://contentservice.kz/product/4690228028014-kz-yogurt-chudo-persmarak-25-290gr-stak
Молочные продукты и яйца,Йогурт,Биопродукт кисломолочный 1.9% Мюсли-курага Bio Max ст 130г,ТМ Bio Max,RU,https://contentservice.kz/product/4690228036040-kz-bioyogurt-bio-max-kuraga-myusli-19-130gr-stak
Молочные продукты и яйца,Йогурт,Йогурт 3% для детей от 3лет Банан Растишка к/у 4x100г,ТМ Растишка,KZ,https://contentservice.kz/product/4870206413975-kz-yogurt-danone-rastishka-banan-3-4100-grup
Молочные продукты и яйца,Йогурт,Биойогурт 3.2% питьевой ванильный Био-С Имун+ Food Master п/бут 900г,ТМ Food Master,KZ,https://contentservice.kz/product/4870207311850-kz-prostokvasha-foodmaster-bio-s-vanil-32-900ml-pb
Молочные продукты и яйца,Йогурт,Йогурт 2.8% детский Amiran ст 180г,ТМ Amiran,KZ,https://contentservice.kz/product/4870210310178-kz-yogurt-amiran-immunivit-detskiy-28-180gr-stak
Молочные продукты и яйца,Йогурт,Биопродукт кисломолочный 1.9% Мюсли-яблоко Bio Max ст 130г,ТМ Bio Max,RU,https://contentservice.kz/product/4690228036088-kz-bioyogurt-bio-max-yabloko-myusli-19-130gr-stak
Молочные продукты и яйца,Йогурт,Йогурт 3% для детей от 3лет Банан Растишка ст 100г,ТМ Растишка,KZ,https://contentservice.kz/product/4870206413883-kz-yogurt-danone-rastishka-banan-3-100gr-stak
Молочные продукты и яйца,Йогурт,Продукт кисломолочный 2.5% Черника-Ежевика Star Wars Actimel п/бут 100г,ТМ Actimel,RU,https://contentservice.kz/product/4600605015636-kz-napitok-pitevoy-danone-actimel-chernikaezhevika-100ml-pb
Молочные продукты и яйца,Йогурт,Биойогурт 2.1% питьевой Чернослив Активиа п/бут 670г,ТМ Активиа,KZ,https://contentservice.kz/product/4870206411711-kz-yogurt-pitevoy-danone-aktivia-chernosliv-2-690ml-pb
Молочные продукты и яйца,Йогурт,Йогурт 1.5% живой Клубника FoodMaster ст 110г,ТМ Food Master,KZ,https://contentservice.kz/product/4870207313366-kz-yogurt-foodmaster-zhivoy-klubnika-15-110gr-stak
Молочные продукты и яйца,Йогурт,Йогурт 3% для детей от 3лет Клубника Растишка к/у 4x100г,ТМ Растишка,KZ,https://contentservice.kz/product/4870206413951-kz-yogurt-danone-rastishka-klubnika-3-4100-grup
Молочные продукты и яйца,Йогурт,Йогурт 2.5% Клубника Эмиль ст 200г,ТМ Эмиль,KZ,https://contentservice.kz/product/4870005354646-kz-yogurt-emil-tvor-desert-s-klubn-25-200gr-stak
Молочные продукты и яйца,Йогурт,Напиток сывороточный пастеризованный Вишня-черешня Актуаль п/бут 310г,ТМ Актуаль,RU,https://contentservice.kz/product/4690502005953-kz-napitok-syvorotochnyy-aktual-vishnyachereshnya-310ml-pb
Молочные продукты и яйца,Йогурт,Биопродукт творожно-йогуртный 4.2% Чернослив-Курага-Инжир Активиа ст 130г,ТМ Активиа,RU,https://contentservice.kz/product/4600605019696-kz-bioprodukt-danone-aktivia-tvorozhno-yogurtnyy-inzhirkuragachernosliv-42-130gr-stak
Молочные продукты и яйца,Йогурт,Йогурт 1.2% Киви-Шпинат Simple Epica п/бут 290г,ТМ Epica,RU,https://contentservice.kz/product/4606779764806-kz-yogurt-pitevoy-epica-simple-kivi-shpinat-12-290gr-pb
Молочные продукты и яйца,Йогурт,Биойогурт 1.5% Клубника-Банан-Злаки Эмиль т/п 500г,ТМ Эмиль,KZ,https://contentservice.kz/product/4870005353700-kz-bioyogurt-pitevoy-emil-klubnbananzlaki-15-500ml-trx
Молочные продукты и яйца,Йогурт,Биойогурт 2.9% Клубника Активиа ст 120г,ТМ Активиа,KZ,https://contentservice.kz/product/4870206411940-kz-yogurt-danone-aktivia-klubn-120gr-stak
Молочные продукты и яйца,Йогурт,Йогурт 4% из козьего молока Zeren п/бут 300мл,ТМ Zeren,KZ,https://contentservice.kz/product/710535169089-kz-yogurt-iz-kozego-moloka-35
Молочные продукты и яйца,Йогурт,Продукт йогуртный 2.5% пастеризованный Клубника-Земляника Вкусный перерыв Fruttis Campina ст 175г,ТМ Campina,RU,https://contentservice.kz/product/4605627006747-kz-yogurt-campina-fruttis-vkusnyy-pereryv-klubnzeml-25-180gr-stak
Молочные продукты и яйца,Йогурт,Биойогурт 3.1% Мюсли Активиа ст 120г,ТМ Активиа,KZ,https://contentservice.kz/product/4870206411667-kz-yogurt-danone-aktivia-myusli-120gr-stak
Молочные продукты и яйца,Йогурт,Напиток кисломолочный 2% Снежок FoodMaster т/п 450г,ТМ Food Master,KZ,https://contentservice.kz/product/4870207312383-kz-snezhok-foodmaster-2-450ml-kbf
Молочные продукты и яйца,Йогурт,Напиток кисломолочный 1.2% с соком и пюре Мультифрукт Имунеле п/бут 100г,ТМ Имунеле,RU,https://contentservice.kz/product/4607025393146-kz-napitok-pitevoy-imunele-multifrukt-09-100ml-pb
Молочные продукты и яйца,Йогурт,Йогурт 2.5% Вишня-Черешня Чудо ст 290г,ТМ Чудо,RU,https://contentservice.kz/product/4690228027970-kz-yogurt-chudo-vishnyachereshnya-25-290gr-stak
Молочные продукты и яйца,Йогурт,Продукт йогуртный 5% пастеризованный с клубникой Сливочное лакомство Fruttis Campina ст 290г,ТМ Campina,RU,https://contentservice.kz/product/4605627006600-kz-yogurt-campina-fruttis-slivoch-lakomstvo-klubn-5-290gr-stak
Молочные продукты и яйца,Йогурт,Биойогурт 1.5% Малина-злаки Эмиль т/п 500г,ТМ Эмиль,KZ,https://contentservice.kz/product/4870005354554-kz-bioyogurt-pitevoy-emil-malina-so-zlakami-15-500ml-trx
Молочные продукты и яйца,Йогурт,Продукт йогуртный 5.1% Персик-Маракуйя Сливочный йогуртер Чудо ст 4х115г,ТМ Чудо,RU,https://contentservice.kz/product/4690228008368-kz-yogurt-chudo-persmarak-51-115gr-stak
Молочные продукты и яйца,Йогурт,Йогурт 2.5% из козьего молока Zeren ст 200мл,ТМ Zeren,KZ,https://contentservice.kz/product/710535169287-kz-yogurt-iz-kozego-moloka-25
Молочные продукты и яйца,Йогурт,Биойогурт 1.5% Яблоко-злаки Bio Max п/бут 270г,ТМ Bio Max,RU,https://contentservice.kz/product/4690228036101-kz-bioyogurt-bio-max-yablzlaki-15-270gr-pb
Молочные продукты и яйца,Йогурт,Коктейль йогуртный 5.2% со вкусом клубничного мороженого Shake&Go Даниссимо ст 260г,ТМ Даниссимо,RU,https://contentservice.kz/product/4600605022962-kz-kokteyl-yogurtnyy-danissimo-shakego-klubn-morozhenoe-52-260ml-stak
Молочные продукты и яйца,Йогурт,Бифидойогурт термостатный натуральный Активиа ст 170г,ТМ Активиа,RU,https://contentservice.kz/product/4600605021842-kz-bioyogurt-danone-aktivia-termostatnaya-35-170gr-stak
Молочные продукты и яйца,Йогурт,Йогурт 2.5% Малина-Базилик Epica п/бут 290г,ТМ Epica,RU,https://contentservice.kz/product/4606779782305-kz-yogurt-pitevoy-epica-malinabazilik-25-290ml-pb
Молочные продукты и яйца,Йогурт,Йогурт 2.5% Клубника Danone ст 4х120г,ТМ Danone,KZ,https://contentservice.kz/product/4870206414163-kz-yogurt-danone-klubnika-25-120gr-stak
Молочные продукты и яйца,Йогурт,Биопростокваша 2.5% сладкая с ароматом дыни Биотонус Эмиль т/п 900г,ТМ Эмиль,KZ,https://contentservice.kz/product/4870005355315-kz-bioprostokvasha-pitevaya-emil-biotonus-so-vkusom-dyni-25-900ml-trx
Молочные продукты и яйца,Йогурт,Йогурт 8.4% греческий натуральный FoodMaster ст 130г,ТМ Food Master,KZ,https://contentservice.kz/product/4870207313328-kz-yogurt-foodmaster-grecheskiy-naturalnyy-84-130gr-stak
Молочные продукты и яйца,Йогурт,Йогурт 2.6% густой Вишня-малина Чудо д/п 110г,ТМ Чудо,RU,https://contentservice.kz/product/4690228035630-kz-yogurt-chudo-gustoy-vishnya-malina-4-110gr-dp
Молочные продукты и яйца,Йогурт,Коктейль 4.5% йогуртный Манговый сорбет Чудо ст 235г,ТМ Чудо,RU,https://contentservice.kz/product/4690228036545-kz-kokteyl-chudo-desert-yogurtnyymangovyy-sorbet-45-235gr-stak
Молочные продукты и яйца,Йогурт,Продукт йогуртный 5.1% пастеризованный с соком персика и маракуйи Сливочная Услада ст 95г,ТМ Услада,RU,https://contentservice.kz/product/4606779033407-kz-yogurt-uslada-zolotaya-persmarak-51-95gr-stak
Молочные продукты и яйца,Йогурт,Йогурт 1.2% для детей от 3лет Мультифрукт Растишка п/бут 150г,ТМ Растишка,KZ,https://contentservice.kz/product/4870206414118-kz-yogurt-pitevoy-rastishka-sok-12-multifrukt-150ml-pb
Молочные продукты и яйца,Йогурт,Йогурт 1.2% обогащенный бифидобактериями и витаминами Малина-Шиповник Имуно Био Баланс п/бут 900г,ТМ Био Баланс,KZ,https://contentservice.kz/product/4870206413258-kz-yogurt-pitevoy-danone-bio-balans-imuno-kompleks-malinashipovnik-930ml-pb
Молочные продукты и яйца,Йогурт,Йогурт 2.7% для детей от 8мес Яблоко-Груша Агуша п/бут 200г,ТМ Агуша,RU,https://contentservice.kz/product/4607025391753-kz-yogurt-agusha-zasypay-ka-yablgrusha-8mes-27-200gr-pb
Молочные продукты и яйца,Йогурт,Биойогурт 2.2% питьевой Персик-Чиа-Гранола Активиа п/бут 270г,ТМ Активиа,KZ,https://contentservice.kz/product/4870206414125-kz-bioyogurt-pitevoy-aktivia-persikchiagranola-22-270gr-pb
Молочные продукты и яйца,Йогурт,Йогурт 3% для детей от 3лет Яблоко-Груша Растишка ст 100г,ТМ Растишка,KZ,https://contentservice.kz/product/4870206413876-kz-yogurt-danone-rastishka-yabloko-grusha-3-100gr-stak
Молочные продукты и яйца,Йогурт,Биойогурт 2.3% питьевой Орехи-Чиа-Ваниль Активиа п/бут 270г,ТМ Активиа,KZ,https://contentservice.kz/product/4870206414132-kz-bioyogurt-pitevoy-aktivia-orehichiavanil-23-270gr-pb
Молочные продукты и яйца,Йогурт,Йогурт 2.5% питьевой Персик-Маракуйя Danone п/бут 270г,ТМ Danone,KZ,https://contentservice.kz/product/4870206414149-kz-yogurt-pitevoy-danone-persikmarakuyya-25-270ml-pb
Молочные продукты и яйца,Йогурт,Йогурт 4.8% Фисташки Crispy Epica ст 140г,ТМ Epica,RU,https://contentservice.kz/product/4606779765100-kz-yogurt-epica-crispy-fistashki-105-140gr-stak
Молочные продукты и яйца,Йогурт,Биойогурт 2.1% питьевой Клубника-Земляника Активиа п/бут 270г,ТМ Активиа,KZ,https://contentservice.kz/product/4870206411612-kz-napitok-pitevoy-danone-aktivia-klubnzeml-290ml-pb
Молочные продукты и яйца,Йогурт,Продукт кисломолочный 2.5% Клюква-Малина-Чабрец Actimel п/бут 100г,ТМ Actimel,RU,https://contentservice.kz/product/4600605023396-kz-napitok-pitevoy-danone-actimel-klyukvamalinachabrec-100ml-pb
Молочные продукты и яйца,Йогурт,Коктейль 4.5% йогуртный Клубника в шоколаде Чудо ст 235г,ТМ Чудо,RU,https://contentservice.kz/product/4690228036521-kz-kokteyl-chudo-desert-yogurtnyyklubnikashok-45-235gr-stak
Молочные продукты и яйца,Йогурт,Йогурт 2.5% Киви-Виноград Epica п/бут 290г,ТМ Epica,RU,https://contentservice.kz/product/4606779772108-kz-yogurt-pitevoy-epica-kivi-vinograd-25-290ml-pb
Молочные продукты и яйца,Йогурт,Йогурт 4% из козьего молока Клубника Zeren п/бут 300мл,ТМ Zeren,KZ,https://contentservice.kz/product/710535169225-kz-yogurt-klubnichnyy-iz-kozego-moloka-35
Молочные продукты и яйца,Йогурт,Йогурт 2.5% Вишня-Банан Epica п/бут 290г,ТМ Epica,RU,https://contentservice.kz/product/4606779764400-kz-yogurt-pitevoy-epica-vishnyabanan-25-290ml-pb
Молочные продукты и яйца,Йогурт,Йогурт 2.4% фруктовый со вкусом брусника-голубика-морошка Северные ягоды Чудо п/бут 270г,ТМ Чудо,RU,https://contentservice.kz/product/4690228031403-kz-yogurt-pitevoy-chudo-severnye-yagody-24-270mlpb
Молочные продукты и яйца,Йогурт,Йогурт 3.6% Кокос-Ваниль Epica п/бут 290г,ТМ Epica,RU,https://contentservice.kz/product/4606779772801-kz-yogurt-pitevoy-epica-kokos-vanil-36-290ml-pb
Молочные продукты и яйца,Йогурт,Биойогурт 1.6% Мюсли-5 злаков Bio Max п/бут 270г,ТМ Bio Max,RU,https://contentservice.kz/product/4690228036132-kz-bioyogurt-bio-max-myusli5-zlakov-16-270gr-pb
Молочные продукты и яйца,Йогурт,Продукт йогуртный 2.5% пастеризованный с клубникой Молочный Alpenland Ehrmann ст 95г,ТМ Ehrmann,RU,https://contentservice.kz/product/4606779667800-kz-produkt-yogurtnyy-alpenland-klubnikapersik-mango-25-95gr-stak
Молочные продукты и яйца,Йогурт,Продукт йогуртный 0.3% пастеризованный Персик-маракуйя Легкий Эрмигурт Ehrmann ст 4х100г,ТМ Ehrmann,RU,https://contentservice.kz/product/4606779900105-kz-yogurt-ehrmann-ermigurt-legkiy-persmarak-03-100gr-stak
Молочные продукты и яйца,Йогурт,"Йогурт 2.4% с манго, ананасом и семенами чиа Гавайский микс Чудо п/бут 270г",ТМ Чудо,KG,https://contentservice.kz/product/4607014827621-kz-yogurt-chudo-pitevoy-gavayskiy-miks-97-270gr-pb
Молочные продукты и яйца,Йогурт,Продукт йогуртный 0.3% пастеризованный с клубникой Фруктовый Alpenland Ehrmann ст 320г,ТМ Ehrmann,RU,https://contentservice.kz/product/4606779667206-kz-produkt-yogurtnyy-ehrmann-alpenland-alpiyskiy-vkus-klubn-03-320gr-stak
Молочные продукты и яйца,Йогурт,Продукт йогуртный 3.2% пастеризованный Персик-Манго Эрмигурт Молочный Ehrmann ст 100г,ТМ Ehrmann,RU,https://contentservice.kz/product/4606779900402-kz-yogurt-ehrmann-ermigurt-persikmango-32-100gr-stak
Молочные продукты и яйца,Йогурт,Напиток йогуртный 0.1% стерилизованный С соком персика Нежный Campina п/бут 285г,ТМ Campina,RU,https://contentservice.kz/product/4605627008345-kz-napitok-pitevoy-campina-nezhnyy-s-sokom-persika-01-285ml-pb
Молочные продукты и яйца,Йогурт,Биойогурт 2.1% питьевой Клубника-Земляника Активиа п/бут 670г,ТМ Активиа,KZ,https://contentservice.kz/product/4870206411735-kz-napitok-pitevoy-danone-aktivia-klubnzeml-690ml-pb
Молочные продукты и яйца,Йогурт,Йогурт 2.5% Малина Le'Vital Эмиль ст 2х180г,ТМ Эмиль,KZ,https://contentservice.kz/product/4870005354639-kz-yogurt-emil-tvor-desert-s-malinoy-25-200gr-stak
Молочные продукты и яйца,Йогурт,Йогурт 2.6% Клубника-Киви Чудо д/п 110г,ТМ Чудо,RU,https://contentservice.kz/product/4690228035616-kz-yogurt-chudo-gustoy-klubnika-kivi-4-110gr-dp
Молочные продукты и яйца,Йогурт,Продукт кисломолочный 2.5% Экстракт кофе-Красный апельсин-Асаи Tonus Actimel п/бут 100г,ТМ Actimel,RU,https://contentservice.kz/product/4600605024928-kz-produkt-kislomolochnyy-actimel-kofekrasnyy-apelsinasai-25-100gr-pb
Молочные продукты и яйца,Йогурт,Йогурт 2.4% Испанский апельсин Чудо п/бут 270г,ТМ Чудо,RU,https://contentservice.kz/product/4690228101069-kz-yogurt-pitevoy-chudo-ispanskiy-apelsin-270gr-pb
Молочные продукты и яйца,Йогурт,Бифидойогурт 2.7% термостатный натуральный Черника Активиа ст 170г,ТМ Активиа,RU,https://contentservice.kz/product/4600605021804-kz-bioyogurt-danone-aktivia-termostatnaya-s-chernikoy-27-170gr-stak
Молочные продукты и яйца,Йогурт,Продукт йогуртный 5% пастеризованный С соком малины и земляники Нежный сливочный Campina ст 110г,ТМ Campina,RU,https://contentservice.kz/product/4605627011130-kz-produkt-yogurtnyy-campina-nezhnyy-s-sokom-malinyzemlyaniki-5-100gr-stak
Молочные продукты и яйца,Йогурт,Десерт творожный 10% с черникой Эмиль ст 200г,ТМ Эмиль,KZ,https://contentservice.kz/product/4870005354592-kz-yogurt-emil-tvor-desert-s-chernikoy-10-200gr-stak
Молочные продукты и яйца,Йогурт,Продукт йогуртный 0.1% пастеризованный Лесные ягоды Легкий Fruttis Campina ст 310г,ТМ Campina,RU,https://contentservice.kz/product/4605627007164-kz-yogurt-campina-fruttis-legkiy-lesnye-yagody-01-310gr-stak
Молочные продукты и яйца,Йогурт,Продукт йогуртный 0.1% пастеризованный С соком банана и клубники Лёгкий Нежный Campina ст 95г,ТМ Campina,RU,https://contentservice.kz/product/4605627009601-kz-produkt-yogurtnyy-campina-nezhnyy-legkiy-banan-i-klubn-01-95gr-stak
Молочные продукты и яйца,Йогурт,Йогурт 1.5% Клубника-малина Nәtige т/п 450г,ТМ Nәtige,KZ,https://contentservice.kz/product/4870003751300-kz-yogurt-0450kg-15-zhirn-klubnika
Молочные продукты и яйца,Йогурт,Йогурт 1.2% обогащенный бифидобактериями и витаминами Клубника Имуно Био Баланс п/бут 310г,ТМ Био Баланс,KZ,https://contentservice.kz/product/4870206414064-kz-yogurt-bio-balans-imuno-klubnika-vitaminypribiotiki-310gr-pb
Молочные продукты и яйца,Йогурт,Продукт йогуртный 0.3% пастеризованный Клубника-Земляника Эрмигурт Лёгкий Ehrmann ст 100г,ТМ Ehrmann,RU,https://contentservice.kz/product/4606779900204-kz-yogurt-ehrmann-ermigurt-legkiy-klubnzeml-03-100gr-stak
Молочные продукты и яйца,Йогурт,Йогурт 2.5% Черника-овсянка-орехи Danone п/бут 270г,ТМ Danone,KZ,https://contentservice.kz/product/4870206414903-kz-yogurt-danone-zhivoy-chernikaovsyankaorehi-270gr-pb
Молочные продукты и яйца,Йогурт,Продукт йогуртный 1.2% пастеризованный с соком абрикоса Молочная Услада ст 95г,ТМ Услада,RU,https://contentservice.kz/product/4606779480409-kz-yogurt-ehrmann-uslada-abrikos-12-95gr-stak
Молочные продукты и яйца,Йогурт,Йогурт 1.2% обогащенный бифидобактериями и витаминами Клубника Имуно Био Баланс п/бут 900г,ТМ Био Баланс,KZ,https://contentservice.kz/product/4870206413029-kz-yogurt-pitevoy-danone-bio-balans-immuno-complex-klubn-930ml-16-pb
Молочные продукты и яйца,Йогурт,Коктейль йогуртный 5.2% Ананасово-кокосовый сорбет Shake&Go Даниссимо ст 260г,ТМ Даниссимо,RU,https://contentservice.kz/product/4600605024461-kz-yogurt-kokteyl-danissimo-shakego-ananasovo-kokosovyy-sorbet-52-260gr-stak
Молочные продукты и яйца,Йогурт,Продукт йогуртный 0.1% пастеризованный С соком клубники Лёгкий Нежный Campina ст 95г,ТМ Campina,RU,https://contentservice.kz/product/4605627008024-kz-yogurt-campina-nezhnyy-legkiy-klubn-01-95gr-stak
Молочные продукты и яйца,Йогурт,Йогурт 2.5% питьевой Клубника Danone п/бут 270г,ТМ Danone,KZ,https://contentservice.kz/product/4870206414156-kz-yogurt-pitevoy-danone-klubnika-25-270ml-pb
Молочные продукты и яйца,Йогурт,Йогурт 5% Манго-семена чиа Epica ст 130г,ТМ Epica,RU,https://contentservice.kz/product/4606779762802-kz-yogurt-epica-nat-mangosemena-chia-5-130gr-stak
Молочные продукты и яйца,Йогурт,Продукт йогуртный 0.3% пастеризованный с персиком и маракуйей Фруктовый Alpenland Ehrmann ст 320г,ТМ Ehrmann,RU,https://contentservice.kz/product/4606779667305-kz-produkt-yogurnyy-ehrmann-alpenland-alpiyskiy-vkus-pers-marak-03-320gr-stak
Молочные продукты и яйца,Йогурт,Десерт творожный 10% с малиной Эмиль ст 200г,ТМ Эмиль,KZ,https://contentservice.kz/product/4870005354585-kz-yogurt-emil-tvor-desert-s-malinoy-10-200gr-stak
Молочные продукты и яйца,Йогурт,Биойогурт 1.6% Малина-семена льна-киноа Bio Max п/бут 270г,ТМ Bio Max,RU,https://contentservice.kz/product/4690228036217-kz-bioyogurt-bio-max-malinasemena-lnakinoa-16-270gr-pb
Молочные продукты и яйца,Йогурт,Продукт йогуртный 5% пастеризованный с персиком Сливочное лакомство Fruttis Campina ст 290г,ТМ Campina,RU,https://contentservice.kz/product/4605627006624-kz-yogurt-campina-fruttis-slivoch-lakomstvo-pers-5-290gr-stak
Молочные продукты и яйца,Йогурт,Йогурт 1.2% обогащенный бифидобактериями и витаминами Гранат Имуно Био Баланс п/бут 900г,ТМ Био Баланс,KZ,https://contentservice.kz/product/4870206413012-kz-yogurt-pitevoy-danone-bio-balans-immuno-complex-granat-930ml-16-pb
Молочные продукты и яйца,Йогурт,Напиток йогуртный 1.2% пастеризованный Клубника-Киви Эрмигурт Ehrmann п/бут 290г,ТМ Ehrmann,RU,https://contentservice.kz/product/4606779682308-kz-yogurt-pitevoy-ehrmann-klubnkivi-12-290ml-pb
Молочные продукты и яйца,Йогурт,Продукт кисломолочный 2.5% Клубника Actimel п/бут 100г,ТМ Actimel,RU,https://contentservice.kz/product/4600605013267-kz-napitok-pitevoy-danone-actimel-klubnika-100ml-pb
Молочные продукты и яйца,Йогурт,Йогурт 4.8% Вишня-Черешня Epica ст 130г,ТМ Epica,RU,https://contentservice.kz/product/4606779762604-kz-yogurt-epica-nat-vishnya-chereshnya-48-130gr-stak
Молочные продукты и яйца,Йогурт,Продукт йогуртный 7.5% пастеризованный Абрикос+Персик-маракуйя Сливочный Alpenland Ehrmann ст 4х95г,ТМ Ehrmann,RU,https://contentservice.kz/product/4607014270090-kz-yogurt-alpenland-slivoch-abrikos-75-100gr
Молочные продукты и яйца,Йогурт,Коктейль 4.5% йогуртный Морожное с карамелью и грецким орехом Чудо ст 235г,ТМ Чудо,RU,https://contentservice.kz/product/4690228036569-kz-kokteyl-chudo-desert-yogurtnyymorozhenoekaramelgreckiy-oreh45-235gr-stak
Молочные продукты и яйца,Йогурт,Продукт йогуртный 1.2% пастеризованный С соком абрикоса и манго Нежный Campina ст 320г,ТМ Campina,RU,https://contentservice.kz/product/4605627008543-kz-produkt-yogurtnyy-campina-nezhnyy-abrikosmango-12-320gr-stak
Молочные продукты и яйца,Йогурт,Продукт кисломолочный 2.5% для детей от 3лет Клубнично-Банановый сюрприз Actimel п/бут 100г,ТМ Actimel,RU,https://contentservice.kz/product/4600605021736-kz-napitok-pitevoy-danone-actimel-klubn-banan-det-100ml-pb
Молочные продукты и яйца,Йогурт,Йогурт 7% греческий Ваниль FoodMaster ст 130г,ТМ Food Master,KZ,https://contentservice.kz/product/4870207313724-kz-yogurt-foodmaster-grecheskiy-vanil-7-130gr-stak
Молочные продукты и яйца,Йогурт,Йогурт 2.4% фруктовый со вкусом клубника-земляника Чудо п/бут 270г,ТМ Чудо,RU,https://contentservice.kz/product/4690228031250-kz-yogurt-pitevoy-chudo-klubnzeml-24-270ml-pb
Молочные продукты и яйца,Йогурт,Йогурт 6.3% Кокос-Ваниль Epica ст 290г,ТМ Epica,RU,https://contentservice.kz/product/4606779762703-kz-yogurt-epica-nat-kokosvanil-63-130gr-stak
Молочные продукты и яйца,Йогурт,Биойогурт 1.5% Клубника со злаками Эмиль т/п 500г,ТМ Эмиль,KZ,https://contentservice.kz/product/4870005353694-kz-bioyogurt-pitevoy-emil-klubn-so-zlakami-15-500ml-trx
Молочные продукты и яйца,Йогурт,Напиток йогуртный 0.1% стерилизованный С соком клубники Нежный Campina п/бут 285г,ТМ Campina,RU,https://contentservice.kz/product/4605627008321-kz-napitok-pitevoy-campina-nezhnyy-s-sokom-klubn-01-285ml-pb
Молочные продукты и яйца,Йогурт,Биойогурт 2.2% питьевой Отруби-Злаки Активиа п/бут 270г,ТМ Активиа,KZ,https://contentservice.kz/product/4870206411582-kz-napitok-pitevoy-danone-aktivia-zlaki-290ml-pb
Молочные продукты и яйца,Йогурт,Продукт йогуртный 0.3% пастеризованный с лесными ягодами Фруктовый Alpenland Ehrmann ст 95г,ТМ Ehrmann,RU,https://contentservice.kz/product/4606779450709-kz-yogurt-alpenland-alpiyskiy-vkus-les-yagodayablgrush-03-95gr
Молочные продукты и яйца,Йогурт,Напиток йогуртный 1.2% пастеризованный Лесные Ягоды Эрмигурт Ehrmann п/бут 290г,ТМ Ehrmann,RU,https://contentservice.kz/product/4606779682100-kz-yogurt-pitevoy-ehrmann-lesnye-yagody-12-290ml-pb
Молочные продукты и яйца,Йогурт,Йогурт 3% Турецкий Kokshe ст 360г,ТМ Kokshe,KZ,https://contentservice.kz/product/4870235430011-kz-yogurt-tureckiy-30-036kg-pst
Молочные продукты и яйца,Йогурт,Йогурт 2.4% Персик-абрикос Чудо п/бут 270г,ТМ Чудо,RU,https://contentservice.kz/product/4690228031373-kz-yogurt-pitevoy-chudo-persikabrikos-24-270ml-pb
Молочные продукты и яйца,Йогурт,Напиток кисломолочный 1.5% для детей от 3лет Малиновый пломбир Имунеле п/бут 100г,ТМ Имунеле,RU,https://contentservice.kz/product/4690228024573-kz-napitok-pitevoy-imunele-for-kids-malinovyy-plombir-95ml100ml-pb
Молочные продукты и яйца,Йогурт,Йогурт 1.2% Апельсин-Морковь-Мюсли Simple Epica п/бут 290г,ТМ Epica,RU,https://contentservice.kz/product/4606779764905-kz-yogurt-pitevoy-epica-simple-apelsin-morkov-myusli-12-290gr-pb
Молочные продукты и яйца,Йогурт,Продукт йогуртный 3.2% пастеризованный с клубникой Эрмигурт Ehrmann ст 100г,ТМ Ehrmann,RU,https://contentservice.kz/product/4606779900600-kz-yogurt-ehrmann-ermigurt-klubnika-32-100gr-stak
Молочные продукты и яйца,Йогурт,Йогурт 2.4% Вишня-черешня Чудо п/бут 270г,ТМ Чудо,RU,https://contentservice.kz/product/4690228031281-kz-yogurt-pitevoy-chudo-vishnyachereshnya-24-270ml-pb
Молочные продукты и яйца,Йогурт,Биойогурт 1.9% Клубника-земляника-микс семечек Bio Max п/бут 270г,ТМ Bio Max,RU,https://contentservice.kz/product/4690228036187-kz-bioyogurt-bio-max-klubnzemlmiks-semechek-19-270gr-pb
Молочные продукты и яйца,Йогурт,Продукт кисломолочный 2.5% Киви-Клубника Star Wars Actimel п/бут 100г,ТМ Actimel,RU,https://contentservice.kz/product/4600605021088-kz-napitok-pitevoy-danone-actimel-kiviklubn-100ml-pb
Молочные продукты и яйца,Йогурт,Йогурт 1.5% живой Вишня FoodMaster ст 110г,ТМ Food Master,KZ,https://contentservice.kz/product/4870207313540-kz-yogurt-foodmaster-zhivoy-vishnya-15-110gr-stak
Молочные продукты и яйца,Йогурт,Продукт йогуртный 0.1% пастеризованный с черникой Легкий Fruttis Campina ст 310г,ТМ Campina,RU,https://contentservice.kz/product/4605627007980-kz-yogurt-campina-fruttis-legkiy-chernika-01-310gr-stak
Молочные продукты и яйца,Йогурт,Йогурт 2.5% Испанский апельсин Чудо ст 290г,ТМ Чудо,RU,https://contentservice.kz/product/4690228101113-kz-yogurt-chudo-ispanskiy-apelsin-25-290gr-stak
Молочные продукты и яйца,Йогурт,Продукт йогуртный 0.3% пастеризованный Вишня+Нектарин-дикий апельсин Фруктовый Alpenland Ehrmann ст 4х95г,ТМ Ehrmann,RU,https://contentservice.kz/product/4607014270212-kz-yogurt-alpenland-fruktovyy-vishnya-03-100gr
Молочные продукты и яйца,Йогурт,Напиток кисломолочный 1.5% для детей от 3лет Тутти-фрутти For kids Имунеле п/бут 100г,ТМ Имунеле,RU,https://contentservice.kz/product/4690228021664-kz-napitok-pitevoy-imunele-for-kids-tutti-frutti-95ml100ml-pb
Молочные продукты и яйца,Йогурт,Биойогурт 2.1% питьевой Вишня-Чиа Активиа п/бут 270г,ТМ Активиа,KZ,https://contentservice.kz/product/4870206413777-kz-bioyogurt-pitevoy-aktivia-vishnyachiya-21-270ml-pb
Молочные продукты и яйца,Йогурт,Йогурт 2.4% Ананас-банан Чудо п/бут 270г,ТМ Чудо,RU,https://contentservice.kz/product/4690228031182-kz-yogurt-pitevoy-chudo-ananasbanan-24-270ml-pb
Молочные продукты и яйца,Йогурт,Йогурт 4.8% Карамель Crispy Epica ст 140г,ТМ Epica,RU,https://contentservice.kz/product/4606779763809-kz-yogurt-epica-crispy-karamel-102-140gr-stak
Молочные продукты и яйца,Йогурт,Биойогурт 1.5% Персик Эмиль т/п 500г,ТМ Эмиль,KZ,https://contentservice.kz/product/4870005356572-kz-bioyogurt-emil-persik-15-500gr-tba
Молочные продукты и яйца,Йогурт,Биойогурт 2.7% Классический BioMax ст 125г,ТМ Bio Max,RU,https://contentservice.kz/product/4690228036026-kz-bioyogurt-bio-max-klass-27-125gr-stak
Молочные продукты и яйца,Йогурт,ЙОГУРТ BIO БАЛАНС ИМУНО ГРАНАТ ВИТАМИНЫ+ПРИБИОТИКИ 310ГР П/Б,ТМ Био Баланс,KZ,https://contentservice.kz/product/4870206414071-kz-yogurt-bio-balans-imuno-granat-vitaminypribiotiki-310gr-pb
Молочные продукты и яйца,Йогурт,Йогурт 2.5% питьевой Гранат-апельсин Epica п/бут 290г,ТМ Epica,RU,https://contentservice.kz/product/4606779772306-kz-yogurt-pitevoy-epica-granat-apel-25-290ml-pb
Молочные продукты и яйца,Йогурт,Биойогурт 2.1% питьевой Чернослив Активиа п/бут 270г,ТМ Активиа,KZ,https://contentservice.kz/product/4870206411599-kz-napitok-pitevoy-danone-aktivia-chernosliv-290ml-pb
Молочные продукты и яйца,Йогурт,Бифидойогурт 2.9% термостатный натуральный Чернослив Активиа ст 120г,ТМ Активиа,KZ,https://contentservice.kz/product/4870206411650-kz-yogurt-danone-aktivia-chernosliv-120gr-stak
Молочные продукты и яйца,Йогурт,Продукт кисломолочный 2.5% Ягодный микс Actimel п/бут 100г,ТМ Actimel,RU,https://contentservice.kz/product/4600605024065-kz-napitok-pitevoy-danone-actimel-yagodnyy-miks-25-100ml-pb
Молочные продукты и яйца,Йогурт,Продукт йогуртный 0.1% пастеризованный С пюре клубники Нежный Campina ст 110г,ТМ Campina,RU,https://contentservice.kz/product/4605627009236-kz-yogurt-campina-nezhnyy-klubn-01-100gr-stak
Молочные продукты и яйца,Йогурт,Йогурт 3% для детей от 3лет Яблоко-Груша Растишка к/у 4x100г,ТМ Растишка,KZ,https://contentservice.kz/product/4870206413968-kz-yogurt-danone-rastishka-yablokogrusha-3-4100-grup
Молочные продукты и яйца,Йогурт,Йогурт 2.4% Черника-малина Чудо п/бут 270г,ТМ Чудо,RU,https://contentservice.kz/product/4690228031168-kz-yogurt-pitevoy-chudo-chernikamalina-24-270ml-pb
Молочные продукты и яйца,Йогурт,Продукт йогуртный 0.1% пастеризованный С соком лесных ягод Лёгкий Нежный Campina ст 95г,ТМ Campina,RU,https://contentservice.kz/product/4605627008048-kz-yogurt-campina-nezhnyy-legkiy-lesnye-yagody-01-95gr-stak
Молочные продукты и яйца,Йогурт,Продукт йогуртный 2.5% пастеризованный фруктовый Клубника-Земляника Легкий йогуртер Чудо ст 115г,ТМ Чудо,RU,https://contentservice.kz/product/4690228008733-kz-yogurt-chudo-klubnzeml-25-115gr
Молочные продукты и яйца,Йогурт,Продукт йогуртный 5% пастеризованный с клубникой Сливочное лакомство Fruttis Campina ст 115г,ТМ Campina,RU,https://contentservice.kz/product/4605627003241-kz-yogurt-campina-slivoch-5-klubnpers-115gr-stak
Молочные продукты и яйца,Йогурт,Йогурт 4.8% Голубика-Лаванда Bouquet Epica ст 130г,ТМ Epica,RU,https://contentservice.kz/product/4606779763205-kz-yogurt-epica-bouquet-golubikalavanda-48-130gr-stak
Молочные продукты и яйца,Йогурт,Йогурт 4.8% Персик-Жасмин Bouquet Epica ст 130г,ТМ Epica,RU,https://contentservice.kz/product/4606779763304-kz-yogurt-epica-bouquet-perszhasmin-48-130gr-stak
Молочные продукты и яйца,Йогурт,Йогурт 2.5% обогащенный бифидобактериями Малина-клубника-черная смородина Le'Vital Эмиль п/бут 350мл,ТМ Эмиль,KZ,https://contentservice.kz/product/4870005355704-kz-yogurt-pitevoy-emil-le-vital-sadovye-yagody-350ml-pb
Молочные продукты и яйца,Йогурт,Йогурт 2% питьевой со вкусом клубники Food Master т/п 900г,ТМ Food Master,KZ,https://contentservice.kz/product/4870207313281-kz-yogurt-pitevoy-foodmaster-so-vkusom-klubn-2-900ml-trx
Молочные продукты и яйца,Йогурт,Йогурт 1.5% Персик FoodMaster ст 110г,ТМ Food Master,KZ,https://contentservice.kz/product/4870207313533-kz-yogurt-foodmaster-zhivoy-persik-15-110gr-stak
Молочные продукты и яйца,Йогурт,Биойогурт 2.2% питьевой Отруби-Злаки Активиа п/бут 690г,ТМ Активиа,KZ,https://contentservice.kz/product/4870206411742-kz-yogurt-pitevoy-danone-aktivia-zlaki-2-690ml-pb
Молочные продукты и яйца,Йогурт,Продукт йогуртный 2.5% пастеризованный фруктовый Персик-Манго Легкий йогуртер Чудо ст 115г,ТМ Чудо,RU,https://contentservice.kz/product/4690228008757-kz-yogurt-chudo-persmango-25-115gr
Молочные продукты и яйца,Йогурт,Биойогурт 3.2% питьевой ванильный Био-С Имун+ Food Master т/п 1000г,ТМ Food Master,KZ,https://contentservice.kz/product/4870055004287-kz-kefir-foodmaster-bio-s-32-1l-tp
Молочные продукты и яйца,Йогурт,Напиток кисломолочный 2% сладкий Снежок Food Master м/у 0.9л,ТМ Food Master,KZ,https://contentservice.kz/product/4870207312888-kz-snezhok-foodmaster-sladkiy-2-900ml-flp
Молочные продукты и яйца,Йогурт,Продукт йогуртный 0.3% пастеризованный Киви-крыжовник+Ананас Фруктовый Alpenland Ehrmann ст 4х95г,ТМ Ehrmann,RU,https://contentservice.kz/product/4607014270229-kz-yogurt-alpenland-alpiyskiy-vkus-kivi-03-100gr
Молочные продукты и яйца,Йогурт,Йогурт 2.5% питьевой Манго Epica п/бут 290г,ТМ Epica,RU,https://contentservice.kz/product/4606779772207-kz-yogurt-pitevoy-epica-mango-25-290ml-pb
